{
  "classes":2,
  "label2train":[
    [0, 0],
    [1, 1]],
  "label":[
    "background",
    "road"],
  "palette":[
    [0,0,0],
    [255,255,255]],
  "mean":[
    94.65447,
    94.75175,
    84.416504],
  "std":[
    43.92672,
    40.209282,
    40.55872]
}
